trainTime,cpuUsage,memoryUsage,epochs,loss,accuracy
5.9637532234191895,16.233333333333334,58.61666666666667,2,4.278095933063497e-10,1.0
