loss,accuracy,val_loss,val_accuracy
0.46545806527137756,0.16398856043815613,0.44989967346191406,0.1637323945760727
0.45181864500045776,0.16398856043815613,0.4451851546764374,0.1637323945760727
0.4461858868598938,0.16398856043815613,0.4345904290676117,0.1637323945760727
0.42537209391593933,0.16398856043815613,0.4251023530960083,0.1637323945760727
0.3865644037723541,0.16398856043815613,0.35796448588371277,0.1637323945760727
