trainTime,cpuUsage,memoryUsage,epochs,loss,accuracy
11.072522163391113,11.80909090909091,83.29090909090908,2,0.39710187911987305,0.1258549988269806
